team_id,league_id,understat_team,footballdata_team,oddsmagnet_team,oddsmagnet_league
Arminia Bielefeld,Bundesliga,Arminia Bielefeld,Bielefeld,arminia-bielefeld,germany-bundesliga
Augsburg,Bundesliga,Augsburg,Augsburg,fc-augsburg,germany-bundesliga
Bayer Leverkusen,Bundesliga,Bayer Leverkusen,Leverkusen,leverkusen,germany-bundesliga
Bayern Munich,Bundesliga,Bayern Munich,Bayern Munich,bayern-munchen,germany-bundesliga
Bochum,Bundesliga,Bochum,Bochum,bochum,germany-bundesliga
Borussia Dortmund,Bundesliga,Borussia Dortmund,Dortmund,borussia-dortmund,germany-bundesliga
Borussia M.Gladbach,Bundesliga,Borussia M.Gladbach,M'gladbach,borussia-monchengladbach,germany-bundesliga
Darmstadt,Bundesliga,Darmstadt,Darmstadt,,germany-bundesliga
Eintracht Frankfurt,Bundesliga,Eintracht Frankfurt,Ein Frankfurt,frankfurt,germany-bundesliga
FC Cologne,Bundesliga,FC Cologne,FC Koln,koln,germany-bundesliga
Fortuna Duesseldorf,Bundesliga,Fortuna Duesseldorf,Fortuna Dusseldorf,,germany-bundesliga
Freiburg,Bundesliga,Freiburg,Freiburg,freiburg,germany-bundesliga
Greuther Fuerth,Bundesliga,Greuther Fuerth,Greuther Furth,greuther-furth,germany-bundesliga
Hamburger SV,Bundesliga,Hamburger SV,Hamburg,,germany-bundesliga
Hannover 96,Bundesliga,Hannover 96,Hannover,,germany-bundesliga
Hertha Berlin,Bundesliga,Hertha Berlin,Hertha,hertha-berlin,germany-bundesliga
Hoffenheim,Bundesliga,Hoffenheim,Hoffenheim,hoffenheim,germany-bundesliga
Ingolstadt,Bundesliga,Ingolstadt,Ingolstadt,,germany-bundesliga
Mainz 05,Bundesliga,Mainz 05,Mainz,mainz,germany-bundesliga
Nuernberg,Bundesliga,Nuernberg,Nurnberg,,germany-bundesliga
Paderborn,Bundesliga,Paderborn,Paderborn,,germany-bundesliga
RasenBallsport Leipzig,Bundesliga,RasenBallsport Leipzig,RB Leipzig,rb-leipzig,germany-bundesliga
Schalke 04,Bundesliga,Schalke 04,Schalke 04,,germany-bundesliga
Union Berlin,Bundesliga,Union Berlin,Union Berlin,union-berlin,germany-bundesliga
VfB Stuttgart,Bundesliga,VfB Stuttgart,Stuttgart,stuttgart,germany-bundesliga
Werder Bremen,Bundesliga,Werder Bremen,Werder Bremen,,germany-bundesliga
Wolfsburg,Bundesliga,Wolfsburg,Wolfsburg,vfl-wolfsburg,germany-bundesliga
Arsenal,EPL,Arsenal,Arsenal,arsenal,england-premier-league
Aston Villa,EPL,Aston Villa,Aston Villa,aston-villa,england-premier-league
Bournemouth,EPL,Bournemouth,Bournemouth,bournemouth,england-premier-league
Brentford,EPL,Brentford,Brentford,brentford,england-premier-league
Brighton,EPL,Brighton,Brighton,brighton,england-premier-league
Burnley,EPL,Burnley,Burnley,burnley,england-premier-league
Cardiff,EPL,Cardiff,Cardiff,cardiff-city,england-premier-league
Chelsea,EPL,Chelsea,Chelsea,chelsea,england-premier-league
Crystal Palace,EPL,Crystal Palace,Crystal Palace,crystal-palace,england-premier-league
Everton,EPL,Everton,Everton,everton,england-premier-league
Fulham,EPL,Fulham,Fulham,fulham,england-premier-league
Huddersfield,EPL,Huddersfield,Huddersfield,huddersfield,england-premier-league
Hull,EPL,Hull,Hull,hull-city,england-premier-league
Leeds,EPL,Leeds,Leeds,leeds-united,england-premier-league
Leicester,EPL,Leicester,Leicester,leicester-city,england-premier-league
Liverpool,EPL,Liverpool,Liverpool,liverpool,england-premier-league
Manchester City,EPL,Manchester City,Man City,manchester-city,england-premier-league
Manchester United,EPL,Manchester United,Man United,manchester-united,england-premier-league
Middlesbrough,EPL,Middlesbrough,Middlesbrough,middlesbrough,england-premier-league
Newcastle United,EPL,Newcastle United,Newcastle,newcastle,england-premier-league
Norwich,EPL,Norwich,Norwich,norwich-city,england-premier-league
Queens Park Rangers,EPL,Queens Park Rangers,QPR,queens-park-rangers,england-premier-league
Sheffield United,EPL,Sheffield United,Sheffield United,sheffield-united,england-premier-league
Southampton,EPL,Southampton,Southampton,southampton,england-premier-league
Stoke,EPL,Stoke,Stoke,stoke-city,england-premier-league
Sunderland,EPL,Sunderland,Sunderland,sunderland,england-premier-league
Swansea,EPL,Swansea,Swansea,swansea,england-premier-league
Tottenham,EPL,Tottenham,Tottenham,tottenham,england-premier-league
Watford,EPL,Watford,Watford,watford,england-premier-league
West Bromwich Albion,EPL,West Bromwich Albion,West Brom,west-bromwich,england-premier-league
West Ham,EPL,West Ham,West Ham,west-ham,england-premier-league
Wolverhampton Wanderers,EPL,Wolverhampton Wanderers,Wolves,wolves,england-premier-league
Alaves,La_liga,Alaves,Alaves,alaves,spain-laliga
Almeria,La_liga,Almeria,Almeria,,spain-laliga
Athletic Club,La_liga,Athletic Club,Ath Bilbao,athletic-bilbao,spain-laliga
Atletico Madrid,La_liga,Atletico Madrid,Ath Madrid,atletico-madrid,spain-laliga
Barcelona,La_liga,Barcelona,Barcelona,barcelona-guayaquil,spain-laliga
Cadiz,La_liga,Cadiz,Cadiz,cadiz,spain-laliga
Celta Vigo,La_liga,Celta Vigo,Celta,celta-vigo,spain-laliga
Cordoba,La_liga,Cordoba,Cordoba,,spain-laliga
Deportivo La Coruna,La_liga,Deportivo La Coruna,La Coruna,,spain-laliga
Eibar,La_liga,Eibar,Eibar,,spain-laliga
Elche,La_liga,Elche,Elche,elche,spain-laliga
Espanyol,La_liga,Espanyol,Espanol,espanyol,spain-laliga
Getafe,La_liga,Getafe,Getafe,getafe,spain-laliga
Girona,La_liga,Girona,Girona,,spain-laliga
Granada,La_liga,Granada,Granada,granada,spain-laliga
Las Palmas,La_liga,Las Palmas,Las Palmas,,spain-laliga
Leganes,La_liga,Leganes,Leganes,,spain-laliga
Levante,La_liga,Levante,Levante,levante,spain-laliga
Malaga,La_liga,Malaga,Malaga,,spain-laliga
Mallorca,La_liga,Mallorca,Mallorca,mallorca,spain-laliga
Osasuna,La_liga,Osasuna,Osasuna,osasuna,spain-laliga
Rayo Vallecano,La_liga,Rayo Vallecano,Vallecano,vallecano,spain-laliga
Real Betis,La_liga,Real Betis,Betis,betis,spain-laliga
Real Madrid,La_liga,Real Madrid,Real Madrid,real-madrid,spain-laliga
Real Sociedad,La_liga,Real Sociedad,Sociedad,sociedad,spain-laliga
Real Valladolid,La_liga,Real Valladolid,Valladolid,,spain-laliga
SD Huesca,La_liga,SD Huesca,Huesca,,spain-laliga
Sevilla,La_liga,Sevilla,Sevilla,fc-sevilla,spain-laliga
Sporting Gijon,La_liga,Sporting Gijon,Sp Gijon,,spain-laliga
Valencia,La_liga,Valencia,Valencia,valencia,spain-laliga
Villarreal,La_liga,Villarreal,Villarreal,villareal,spain-laliga
Amiens,Ligue_1,Amiens,Amiens,,france-ligue-1
Angers,Ligue_1,Angers,Angers,angers,france-ligue-1
Bordeaux,Ligue_1,Bordeaux,Bordeaux,bordeaux,france-ligue-1
Brest,Ligue_1,Brest,Brest,brest,france-ligue-1
Caen,Ligue_1,Caen,Caen,,france-ligue-1
Clermont Foot,Ligue_1,Clermont Foot,Clermont,clermont-foot,france-ligue-1
Dijon,Ligue_1,Dijon,Dijon,,france-ligue-1
Evian Thonon Gaillard,Ligue_1,Evian Thonon Gaillard,Evian Thonon Gaillard,,france-ligue-1
GFC Ajaccio,Ligue_1,GFC Ajaccio,Ajaccio GFCO,,france-ligue-1
Guingamp,Ligue_1,Guingamp,Guingamp,,france-ligue-1
Lens,Ligue_1,Lens,Lens,lens,france-ligue-1
Lille,Ligue_1,Lille,Lille,lille,france-ligue-1
Lorient,Ligue_1,Lorient,Lorient,lorient,france-ligue-1
Lyon,Ligue_1,Lyon,Lyon,olympique-lyon,france-ligue-1
Marseille,Ligue_1,Marseille,Marseille,olympique-marseille,france-ligue-1
Metz,Ligue_1,Metz,Metz,metz,france-ligue-1
Monaco,Ligue_1,Monaco,Monaco,monaco,france-ligue-1
Montpellier,Ligue_1,Montpellier,Montpellier,montpellier,france-ligue-1
Nancy,Ligue_1,Nancy,Nancy,,france-ligue-1
Nantes,Ligue_1,Nantes,Nantes,nantes,france-ligue-1
Nice,Ligue_1,Nice,Nice,nice,france-ligue-1
Nimes,Ligue_1,Nimes,Nimes,,france-ligue-1
Paris Saint Germain,Ligue_1,Paris Saint Germain,Paris SG,paris-saint-germain,france-ligue-1
Reims,Ligue_1,Reims,Reims,reims,france-ligue-1
Rennes,Ligue_1,Rennes,Rennes,rennes,france-ligue-1
Saint-Etienne,Ligue_1,Saint-Etienne,St Etienne,saint-etienne,france-ligue-1
SC Bastia,Ligue_1,SC Bastia,Bastia,,france-ligue-1
Strasbourg,Ligue_1,Strasbourg,Strasbourg,strasbourg,france-ligue-1
Toulouse,Ligue_1,Toulouse,Toulouse,,france-ligue-1
Troyes,Ligue_1,Troyes,Troyes,troyes,france-ligue-1
AC Milan,Serie_A,AC Milan,Milan,ac-milan,italy-serie-a
Atalanta,Serie_A,Atalanta,Atalanta,atalanta,italy-serie-a
Benevento,Serie_A,Benevento,Benevento,,italy-serie-a
Bologna,Serie_A,Bologna,Bologna,bologna,italy-serie-a
Brescia,Serie_A,Brescia,Brescia,,italy-serie-a
Cagliari,Serie_A,Cagliari,Cagliari,cagliari,italy-serie-a
Carpi,Serie_A,Carpi,Carpi,,italy-serie-a
Cesena,Serie_A,Cesena,Cesena,,italy-serie-a
Chievo,Serie_A,Chievo,Chievo,,italy-serie-a
Crotone,Serie_A,Crotone,Crotone,,italy-serie-a
Empoli,Serie_A,Empoli,Empoli,empoli,italy-serie-a
Fiorentina,Serie_A,Fiorentina,Fiorentina,fiorentina,italy-serie-a
Frosinone,Serie_A,Frosinone,Frosinone,,italy-serie-a
Genoa,Serie_A,Genoa,Genoa,genoa,italy-serie-a
Inter,Serie_A,Inter,Inter,inter-milan,italy-serie-a
Juventus,Serie_A,Juventus,Juventus,juventus,italy-serie-a
Lazio,Serie_A,Lazio,Lazio,lazio,italy-serie-a
Lecce,Serie_A,Lecce,Lecce,,italy-serie-a
Napoli,Serie_A,Napoli,Napoli,ssc-napoli,italy-serie-a
Palermo,Serie_A,Palermo,Palermo,,italy-serie-a
Parma Calcio 1913,Serie_A,Parma Calcio 1913,Parma,,italy-serie-a
Pescara,Serie_A,Pescara,Pescara,,italy-serie-a
Roma,Serie_A,Roma,Roma,as-roma,italy-serie-a
Salernitana,Serie_A,Salernitana,Salernitana,salernitana,italy-serie-a
Sampdoria,Serie_A,Sampdoria,Sampdoria,sampdoria,italy-serie-a
Sassuolo,Serie_A,Sassuolo,Sassuolo,sassuolo,italy-serie-a
SPAL 2013,Serie_A,SPAL 2013,Spal,,italy-serie-a
Spezia,Serie_A,Spezia,Spezia,spezia,italy-serie-a
Torino,Serie_A,Torino,Torino,torino,italy-serie-a
Udinese,Serie_A,Udinese,Udinese,udinese,italy-serie-a
Venezia,Serie_A,Venezia,Venezia,venezia,italy-serie-a
Verona,Serie_A,Verona,Verona,verona,italy-serie-a